approach,mechanism,missingratio,n,nrmse,r2,LR_mse
GAINCredit,MAR,0.1,0,0.0708973899491,0.202419456389,0.00856308545162
GAINCredit,MAR,0.1,1,0.0189742644863,0.172652363862,0.00888267468809
GAINCredit,MAR,0.1,10,0.0619141782672,0.247865307227,0.00807516394041
GAINCredit,MAR,0.1,11,0.0243131112616,0.136044247838,0.00927571138921
GAINCredit,MAR,0.1,12,0.0279673989628,0.176572199031,0.00884059005629
GAINCredit,MAR,0.1,13,0.0273210530567,0.171651913345,0.00889341585189
GAINCredit,MAR,0.1,14,0.0234907723731,0.198869439045,0.00860119959836
GAINCredit,MAR,0.1,15,0.0715303740676,0.23420554437,0.00822181961993
GAINCredit,MAR,0.1,16,0.0276529313093,0.21090918339,0.00847193696717
GAINCredit,MAR,0.1,17,0.0271660491259,0.301863178136,0.007495425146
GAINCredit,MAR,0.1,18,0.0693319795071,0.306961983794,0.00744068270162
GAINCredit,MAR,0.1,19,0.0284402769956,0.203641652174,0.00854996355812
GAINCredit,MAR,0.1,2,0.0273801221663,0.17594140652,0.0088473624509
GAINCredit,MAR,0.1,3,0.0311539711074,0.244861482233,0.00810741398753
GAINCredit,MAR,0.1,4,0.0801746894355,0.166902822614,0.0089444036425
GAINCredit,MAR,0.1,5,0.0198681563089,0.29552008541,0.00756352666312
GAINCredit,MAR,0.1,6,0.0257491699256,0.285722722935,0.00766871434948
GAINCredit,MAR,0.1,7,0.0200048017644,0.198462990946,0.00860556335801
GAINCredit,MAR,0.1,8,0.0536392577603,0.303380227853,0.00747913760431
GAINCredit,MAR,0.1,9,0.0265200908519,0.165330534836,0.00896128423808
GAINCredit,MAR,0.3,0,0.0689616836597,0.515293343608,0.00520396911748
GAINCredit,MAR,0.3,1,0.0878472676624,0.179925558934,0.00880458728813
GAINCredit,MAR,0.3,10,0.0617722705664,0.209670606879,0.0084852347295
GAINCredit,MAR,0.3,11,0.061405810656,0.239806370833,0.00816168731607
GAINCredit,MAR,0.3,12,0.0327878612231,0.259053707359,0.00795504161902
GAINCredit,MAR,0.3,13,0.0568730711006,0.214439171642,0.00843403785932
GAINCredit,MAR,0.3,14,0.151696259692,0.164620688097,0.00896890538472
GAINCredit,MAR,0.3,15,0.0550731577706,0.127479733984,0.00936766280975
GAINCredit,MAR,0.3,16,0.02618319182,0.19156918258,0.00867957753827
GAINCredit,MAR,0.3,17,0.0658438498614,0.238143878732,0.00817953637475
GAINCredit,MAR,0.3,18,0.0294379919876,0.269503653502,0.00784284758105
GAINCredit,MAR,0.3,19,0.0824370049492,0.176620067235,0.0088400761276
GAINCredit,MAR,0.3,2,0.0340344144232,0.150173836929,0.00912401150165
GAINCredit,MAR,0.3,3,0.0617722332368,0.125671148538,0.00938708037434
GAINCredit,MAR,0.3,4,0.059803941644,0.449824533037,0.00590686367004
GAINCredit,MAR,0.3,5,0.0330135597637,0.182309252194,0.00877899517805
GAINCredit,MAR,0.3,6,0.0497621533294,0.605399166552,0.00423656354604
GAINCredit,MAR,0.3,7,0.0322294598258,0.331749497362,0.00717455585272
GAINCredit,MAR,0.3,8,0.0556658536108,0.226485692188,0.00830470247664
GAINCredit,MAR,0.3,9,0.064758553447,0.467852296391,0.00571331170925
GAINCredit,MAR,0.5,0,0.0953285074516,-0.0903047380136,0.0117058680966
GAINCredit,MAR,0.5,1,0.0617726061646,0.231075807965,0.00825542149311
GAINCredit,MAR,0.5,10,0.335053210443,0.535015095074,0.00499222994655
GAINCredit,MAR,0.5,11,0.101540519169,0.258475405854,0.00796125045303
GAINCredit,MAR,0.5,12,0.0472725905711,0.410782913899,0.00632602725612
GAINCredit,MAR,0.5,13,0.203142982193,-0.397508500381,0.0150041081167
GAINCredit,MAR,0.5,14,0.444721544569,0.211665853597,0.00846381310847
GAINCredit,MAR,0.5,15,0.220040842034,0.218327391756,0.00839229265708
GAINCredit,MAR,0.5,16,0.0909625185504,0.405775723789,0.00637978608603
GAINCredit,MAR,0.5,17,0.356337842035,0.594069722403,0.00435820016211
GAINCredit,MAR,0.5,18,0.330997229886,-0.170697337766,0.0125689893285
GAINCredit,MAR,0.5,19,0.0319700738373,0.232654785391,0.00823846907529
GAINCredit,MAR,0.5,2,0.258242183839,0.214488439576,0.00843350890268
GAINCredit,MAR,0.5,3,0.132304190027,0.724139988624,0.00296172326296
GAINCredit,MAR,0.5,4,0.299975214888,0.201427749593,0.00857373273998
GAINCredit,MAR,0.5,5,0.194411359224,-0.248503815811,0.0134043451124
GAINCredit,MAR,0.5,6,0.373558752424,-0.387630228838,0.0148980517641
GAINCredit,MAR,0.5,7,0.210776676079,0.201381912294,0.00857422486421
GAINCredit,MAR,0.5,8,0.121922073753,0.227628050084,0.00829243774882
GAINCredit,MAR,0.5,9,0.121453990147,0.558679527036,0.00473816086891
GAINCredit,MAR,0.7,0,0.402802404594,0.239708936807,0.00816273339962
GAINCredit,MAR,0.7,1,0.436980253699,0.178132487737,0.00882383828667
GAINCredit,MAR,0.7,10,0.359514159739,0.180624556613,0.00879708262054
GAINCredit,MAR,0.7,11,0.267531669125,0.608185520515,0.00420664833901
GAINCredit,MAR,0.7,12,0.24076192351,0.412387045592,0.00630880477386
GAINCredit,MAR,0.7,13,0.248007209005,-0.10852844841,0.0119015238089
GAINCredit,MAR,0.7,14,0.411549066213,0.709397030049,0.00312000848581
GAINCredit,MAR,0.7,15,0.247243820612,0.703983059807,0.0031781346402
GAINCredit,MAR,0.7,16,0.190963722872,0.139149411034,0.00924237334203
GAINCredit,MAR,0.7,17,0.291360239669,-0.0731563456186,0.0115217573499
GAINCredit,MAR,0.7,18,0.276283066377,0.579114691994,0.0045187622575
GAINCredit,MAR,0.7,19,0.129433921722,-0.565484931615,0.0168075579953
GAINCredit,MAR,0.7,2,0.10285387003,0.110219557083,0.00955297371145
GAINCredit,MAR,0.7,3,0.115384871832,0.339723834015,0.00708894076754
GAINCredit,MAR,0.7,4,0.332802928193,0.254901485197,0.00799962123355
GAINCredit,MAR,0.7,5,0.120836332511,0.625226861989,0.004023686926
GAINCredit,MAR,0.7,6,0.260041527846,0.517253985769,0.00518291902229
GAINCredit,MAR,0.7,7,0.413858989553,0.19867588561,0.0086032776513
GAINCredit,MAR,0.7,8,0.411847019726,0.56331797199,0.00468836100754
GAINCredit,MAR,0.7,9,0.13789290685,0.606641071092,0.00422323005291
GAINCredit,MCAR,0.1,0,0.0491896251785,0.221829017402,0.00835469805945
GAINCredit,MCAR,0.1,1,0.0696432264637,0.255597191781,0.00799215190023
GAINCredit,MCAR,0.1,10,0.0449459311725,0.279728486038,0.00773307043638
GAINCredit,MCAR,0.1,11,0.0785292753217,0.323301353906,0.00726525788263
GAINCredit,MCAR,0.1,12,0.0583125617841,0.249811965858,0.00805426397698
GAINCredit,MCAR,0.1,13,0.0503266483709,0.255973504187,0.00798811168722
GAINCredit,MCAR,0.1,14,0.0450980225164,0.324874296958,0.00724837025181
GAINCredit,MCAR,0.1,15,0.145711098502,0.104020652626,0.00961952717617
GAINCredit,MCAR,0.1,16,0.0469571237881,0.230534508265,0.00826123306365
GAINCredit,MCAR,0.1,17,0.0463727583842,0.215490707073,0.00842274823118
GAINCredit,MCAR,0.1,18,0.0482635382453,0.253879922251,0.00801058906729
GAINCredit,MCAR,0.1,19,0.0470648171686,0.22336364531,0.00833822179254
GAINCredit,MCAR,0.1,2,0.0493100561135,0.239266652448,0.00816748190908
GAINCredit,MCAR,0.1,3,0.0489353707354,0.387705327971,0.00657379576289
GAINCredit,MCAR,0.1,4,0.0788842542933,0.229095090307,0.0082766871254
GAINCredit,MCAR,0.1,5,0.0429650655115,0.234820960724,0.00821521230877
GAINCredit,MCAR,0.1,6,0.0460493207594,0.207949190474,0.00850371641877
GAINCredit,MCAR,0.1,7,0.052769982447,0.291380365398,0.00760797205047
GAINCredit,MCAR,0.1,8,0.0437051135214,0.301548572174,0.00749880285846
GAINCredit,MCAR,0.1,9,0.0437913015268,0.228991756265,0.00827779655346
GAINCredit,MCAR,0.3,0,0.0635368306273,0.332683670222,0.0071645262675
GAINCredit,MCAR,0.3,1,0.0572348840357,0.30619600275,0.00744890652451
GAINCredit,MCAR,0.3,10,0.296991261177,0.37276692707,0.00673417931844
GAINCredit,MCAR,0.3,11,0.181248467324,0.123358542187,0.00941190927214
GAINCredit,MCAR,0.3,12,0.0547558772027,0.197862487811,0.00861201055598
GAINCredit,MCAR,0.3,13,0.0630367744111,0.486167241363,0.00551667647273
GAINCredit,MCAR,0.3,14,0.0514250338034,0.325064957111,0.00724632326208
GAINCredit,MCAR,0.3,15,0.0624197336541,0.24080093078,0.00815100939535
GAINCredit,MCAR,0.3,16,0.0485912709357,0.397788749178,0.00646553685646
GAINCredit,MCAR,0.3,17,0.0579318817169,0.387261604271,0.00657855972559
GAINCredit,MCAR,0.3,18,0.0953312620988,0.246019282595,0.00809498346434
GAINCredit,MCAR,0.3,19,0.0591698287416,0.200204984882,0.00858686074165
GAINCredit,MCAR,0.3,2,0.196451804065,0.265359191383,0.00788734388122
GAINCredit,MCAR,0.3,3,0.0592386046549,0.348833562812,0.00699113574113
GAINCredit,MCAR,0.3,4,0.198935812249,0.158967693526,0.00902959778244
GAINCredit,MCAR,0.3,5,0.250597857512,0.160568054549,0.00901241578332
GAINCredit,MCAR,0.3,6,0.0662866802038,0.263894771986,0.0079030663666
GAINCredit,MCAR,0.3,7,0.183152986306,0.194501751807,0.00864809251637
GAINCredit,MCAR,0.3,8,0.23961197697,0.146716523134,0.00916113035278
GAINCredit,MCAR,0.3,9,0.0645489175766,0.23501521382,0.00821312674403
GAINCredit,MCAR,0.5,0,0.240304569659,0.0519216226374,0.0101788793937
GAINCredit,MCAR,0.5,1,0.090475402662,0.170318773463,0.00890772887748
GAINCredit,MCAR,0.5,10,0.0936405244852,0.463961921331,0.00575508004769
GAINCredit,MCAR,0.5,11,0.201847599212,0.160163348355,0.00901676084133
GAINCredit,MCAR,0.5,12,0.11369273276,0.123686163916,0.00940839181815
GAINCredit,MCAR,0.5,13,0.0620298538439,0.46987837609,0.00569155905527
GAINCredit,MCAR,0.5,14,0.0488666014503,0.138576986115,0.00924851908309
GAINCredit,MCAR,0.5,15,0.101396038571,0.28358726341,0.00769164134104
GAINCredit,MCAR,0.5,16,0.0703792512482,0.235912154081,0.00820349690017
GAINCredit,MCAR,0.5,17,0.182516777684,0.390778682522,0.00654079922373
GAINCredit,MCAR,0.5,18,0.282447393726,0.550548457749,0.00482545868689
GAINCredit,MCAR,0.5,19,0.106691223339,0.0886325626362,0.00978473874079
GAINCredit,MCAR,0.5,2,0.0712580937408,0.133245341135,0.00930576136655
GAINCredit,MCAR,0.5,3,0.0752340040012,-0.109743459893,0.0119145685694
GAINCredit,MCAR,0.5,4,0.347153560843,0.422174707468,0.0062037212363
GAINCredit,MCAR,0.5,5,0.339865995412,0.429242410688,0.00612784006404
GAINCredit,MCAR,0.5,6,0.252958868227,0.284409775064,0.00768281058704
GAINCredit,MCAR,0.5,7,0.0721753706119,0.0635236142825,0.0100543166186
GAINCredit,MCAR,0.5,8,0.320172632247,0.627002983882,0.00400461790073
GAINCredit,MCAR,0.5,9,0.216019850476,-0.336894448387,0.0143533358393
GAINCredit,MCAR,0.7,0,0.0954987602932,0.306475494617,0.00744590580846
GAINCredit,MCAR,0.7,1,0.276470026553,-0.053439090309,0.0113100664512
GAINCredit,MCAR,0.7,10,0.124453007308,0.266479286273,0.00787531817632
GAINCredit,MCAR,0.7,11,0.0567409510726,0.113551694431,0.00951719879557
GAINCredit,MCAR,0.7,12,0.098114431104,-0.719572356231,0.0184618909584
GAINCredit,MCAR,0.7,13,0.270624472368,0.0231712610771,0.0104875526741
GAINCredit,MCAR,0.7,14,0.118825097562,0.302441509235,0.00748921599426
GAINCredit,MCAR,0.7,15,0.201098430243,0.117384298492,0.00947605070546
GAINCredit,MCAR,0.7,16,0.179894378142,0.313934827226,0.00736581997505
GAINCredit,MCAR,0.7,17,0.185743338211,-0.0117427692442,0.0108624011173
GAINCredit,MCAR,0.7,18,0.179969662867,-0.0145874706915,0.010892942762
GAINCredit,MCAR,0.7,19,0.200455639759,0.30572355436,0.00745397888488
GAINCredit,MCAR,0.7,2,0.0707764650476,0.445747042206,0.00595064094457
GAINCredit,MCAR,0.7,3,0.102231261121,0.44214275379,0.00598933776328
GAINCredit,MCAR,0.7,4,0.0938682281063,0.203357661455,0.00855301257533
GAINCredit,MCAR,0.7,5,0.0685525257368,0.24057716594,0.00815341180782
GAINCredit,MCAR,0.7,6,0.2798388882,0.323032592139,0.00726814339682
GAINCredit,MCAR,0.7,7,0.143158035768,0.126017189963,0.00938336516048
GAINCredit,MCAR,0.7,8,0.252280145461,0.16154139907,0.00900196563836
GAINCredit,MCAR,0.7,9,0.302539611154,-1.1377614735,0.0229517060307
MICE,MAR,0.1,0,0.0691812965615,0.142694822365,0.00920430864696
MICE,MAR,0.1,1,0.0143616173254,0.172117174704,0.00888842065385
MICE,MAR,0.1,10,0.0599585298553,0.135936534902,0.0092768678305
MICE,MAR,0.1,11,0.0216702845481,0.123663791836,0.00940863201211
MICE,MAR,0.1,12,0.0264004274053,0.162768746272,0.00898878843757
MICE,MAR,0.1,13,0.0257583547785,0.160322348955,0.00901505375891
MICE,MAR,0.1,14,0.0185822885792,0.146193124109,0.00916674973582
MICE,MAR,0.1,15,0.0616647590921,0.152169155881,0.0091025891051
MICE,MAR,0.1,16,0.0209081913475,0.143347151063,0.00919730503281
MICE,MAR,0.1,17,0.021743686334,0.0593118450645,0.0100995355498
MICE,MAR,0.1,18,0.0678925240734,0.131918535161,0.00932000638924
MICE,MAR,0.1,19,0.0267875516358,0.190702476783,0.00868888277505
MICE,MAR,0.1,2,0.0239292786115,0.0904928878277,0.00976476568138
MICE,MAR,0.1,3,0.0233427041696,0.195922920549,0.00863283438416
MICE,MAR,0.1,4,0.0742501069357,0.198122066324,0.00860922363621
MICE,MAR,0.1,5,0.0142680165489,0.0655508306005,0.0100325517615
MICE,MAR,0.1,6,0.0222489644419,0.156804360941,0.00905282402829
MICE,MAR,0.1,7,0.0130832515335,-0.0270077385317,0.0110262908179
MICE,MAR,0.1,8,0.0496055855538,0.134211958645,0.00929538344497
MICE,MAR,0.1,9,0.0209669355248,0.143941562461,0.00919092323772
MICE,MAR,0.3,0,0.0226676057778,-0.0530878663374,0.0113062955958
MICE,MAR,0.3,1,0.0551896235518,0.224849267752,0.00832227166434
MICE,MAR,0.3,10,0.0198484827131,0.197178383749,0.00861935532083
MICE,MAR,0.3,11,0.0576039083592,0.0950354316344,0.00971599544607
MICE,MAR,0.3,12,0.0277972546599,0.191141896952,0.00868416501646
MICE,MAR,0.3,13,0.0539599608109,0.172588562471,0.00888335968068
MICE,MAR,0.3,14,0.0183715546349,0.213066962298,0.00844877034742
MICE,MAR,0.3,15,0.0502581769553,-0.0606267809575,0.0113872358477
MICE,MAR,0.3,16,0.0237016635845,-0.073313741155,0.0115234471998
MICE,MAR,0.3,17,0.0226710957193,0.0834178850607,0.00984072522396
MICE,MAR,0.3,18,0.0241041097299,0.264227786051,0.00789949101874
MICE,MAR,0.3,19,0.0612294896417,0.182693253086,0.00877487241893
MICE,MAR,0.3,2,0.0211200312281,0.00490554806815,0.0106836593402
MICE,MAR,0.3,3,0.0575985973255,0.288312884088,0.0076409055326
MICE,MAR,0.3,4,0.055531292997,0.186155565821,0.00873769989755
MICE,MAR,0.3,5,0.0272074718329,0.0338565926,0.0103728314618
MICE,MAR,0.3,6,0.0209734002771,0.104104512103,0.00961862683341
MICE,MAR,0.3,7,0.0238599907112,0.426514484761,0.00615712796858
MICE,MAR,0.3,8,0.0472783795571,0.130333134811,0.00933702776567
MICE,MAR,0.3,9,0.0567991873355,0.000356602507168,0.0107324983068
MICE,MAR,0.5,0,0.0275784887683,0.12745341111,0.00936794542073
MICE,MAR,0.5,1,0.0536502853141,0.229966411596,0.0082673323352
MICE,MAR,0.5,10,0.0527981388016,0.0867673339614,0.0098047644456
MICE,MAR,0.5,11,0.0249625019819,0.228589812761,0.00828211195032
MICE,MAR,0.5,12,0.0239542909267,0.176259505621,0.00884394723496
MICE,MAR,0.5,13,0.052951261352,0.301109355444,0.00750351843285
MICE,MAR,0.5,14,0.0523137457281,0.204965764848,0.0085357474516
MICE,MAR,0.5,15,0.0232764444331,0.286721211249,0.00765799425253
MICE,MAR,0.5,16,0.0249080589313,0.329729666416,0.00719624141805
MICE,MAR,0.5,17,0.0543669047393,0.436666201309,0.00604813582104
MICE,MAR,0.5,18,0.0446834134384,0.369542338323,0.00676879955738
MICE,MAR,0.5,19,0.0256347571008,0.157430133499,0.00904610552953
MICE,MAR,0.5,2,0.0541519378379,0.219618405017,0.00837843191667
MICE,MAR,0.5,3,0.0384049159296,0.0513934902049,0.0101845495962
MICE,MAR,0.5,4,0.0258537017287,0.229762640781,0.00826952008528
MICE,MAR,0.5,5,0.0365105505523,-0.0150293296928,0.0108976867047
MICE,MAR,0.5,6,0.0275054303536,0.202607856106,0.00856106273067
MICE,MAR,0.5,7,0.0235014787651,0.237823637624,0.00818297458797
MICE,MAR,0.5,8,0.0236004478,0.140787810383,0.00922478295101
MICE,MAR,0.5,9,0.0539222262035,0.260835992031,0.00793590642814
MICE,MAR,0.7,0,0.0495410085023,0.236409544812,0.00819815675068
MICE,MAR,0.7,1,0.0502410764006,0.157612939773,0.00904414286161
MICE,MAR,0.7,10,0.0583090455812,0.385365514839,0.00659891676159
MICE,MAR,0.7,11,0.0483637792449,0.460002551152,0.00579758914028
MICE,MAR,0.7,12,0.0501411588564,0.262538782715,0.0079176247107
MICE,MAR,0.7,13,0.061687369246,0.407179817668,0.00636471127514
MICE,MAR,0.7,14,0.0513987699677,-0.0741561652672,0.0115324917405
MICE,MAR,0.7,15,0.0525499356202,-0.38524000005,0.0148723894865
MICE,MAR,0.7,16,0.0592288432829,0.451535876773,0.00588849012424
MICE,MAR,0.7,17,0.0498378343933,0.109598516569,0.00955964140543
MICE,MAR,0.7,18,0.0512918004141,0.334440743906,0.00714566175003
MICE,MAR,0.7,19,0.0417286608953,0.292044322384,0.00760084359122
MICE,MAR,0.7,2,0.051522181799,0.303570249455,0.00747709747027
MICE,MAR,0.7,3,0.0494610416253,0.27242372046,0.0078114967876
MICE,MAR,0.7,4,0.0500414414167,0.265791639671,0.00788270097503
MICE,MAR,0.7,5,0.0494315594484,0.403896970607,0.00639995699437
MICE,MAR,0.7,6,0.0499764235235,0.444566719185,0.00596331327838
MICE,MAR,0.7,7,0.0499558423558,0.248239601384,0.00807114539598
MICE,MAR,0.7,8,0.0487724039247,0.00999653977432,0.010629000789
MICE,MAR,0.7,9,0.0277613913618,0.368051247532,0.00678480839556
MICE,MCAR,0.1,0,0.0410103502689,0.137414266181,0.0092610024244
MICE,MCAR,0.1,1,0.0417350628954,0.152916748864,0.00909456270243
MICE,MCAR,0.1,10,0.0410457249527,0.159446639947,0.0090244556571
MICE,MCAR,0.1,11,0.0409847359883,0.18885759804,0.00870868999633
MICE,MCAR,0.1,12,0.0400776417447,0.132846207401,0.00931004659681
MICE,MCAR,0.1,13,0.0413561400714,0.155543763526,0.00906635821423
MICE,MCAR,0.1,14,0.0421726495678,0.168601020798,0.00892617123164
MICE,MCAR,0.1,15,0.0411639479485,0.158278333188,0.00903699898039
MICE,MCAR,0.1,16,0.0418121177551,0.158504427899,0.00903457155366
MICE,MCAR,0.1,17,0.0417514971018,0.165028400974,0.00896452804599
MICE,MCAR,0.1,18,0.0420043548459,0.139670514197,0.00923677860812
MICE,MCAR,0.1,19,0.0407048487572,0.170099847424,0.008910079339
MICE,MCAR,0.1,2,0.0412651993366,0.1769278046,0.00883677215864
MICE,MCAR,0.1,3,0.0420565026013,0.150057147619,0.00912526431623
MICE,MCAR,0.1,4,0.0421952210237,0.133477480592,0.00930326904145
MICE,MCAR,0.1,5,0.0409600891036,0.128626647431,0.00935534917205
MICE,MCAR,0.1,6,0.0407822652714,0.132752921368,0.00931104814615
MICE,MCAR,0.1,7,0.0418910153067,0.15233962767,0.00910075886424
MICE,MCAR,0.1,8,0.0413894619684,0.158385823177,0.00903584493273
MICE,MCAR,0.1,9,0.0419054977615,0.150333331016,0.00912229912099
MICE,MCAR,0.3,0,0.0421329513501,0.07303070616,0.00995224537229
MICE,MCAR,0.3,1,0.0426135374112,0.151693129241,0.00910769988272
MICE,MCAR,0.3,10,0.0433347904979,0.132050631285,0.00931858816206
MICE,MCAR,0.3,11,0.0426303332242,-0.00217707974361,0.0107597007478
MICE,MCAR,0.3,12,0.0433283258202,0.10300970076,0.00963038108589
MICE,MCAR,0.3,13,0.0427792726727,0.0506100166796,0.0101929612241
MICE,MCAR,0.3,14,0.0426233045711,0.05887871813,0.0101041857422
MICE,MCAR,0.3,15,0.0429817996793,0.117858691907,0.00947095746269
MICE,MCAR,0.3,16,0.0426874998551,-0.00162480489492,0.0107537713445
MICE,MCAR,0.3,17,0.0427340518902,0.119411156614,0.00945428969407
MICE,MCAR,0.3,18,0.0422396478915,0.117062349289,0.00947950725736
MICE,MCAR,0.3,19,0.042503971678,0.12257435558,0.0094203285559
MICE,MCAR,0.3,2,0.0422046005921,0.0952295201255,0.00971391164858
MICE,MCAR,0.3,3,0.0427579434118,0.221259542487,0.0083608121283
MICE,MCAR,0.3,4,0.0421960935211,0.218895368851,0.00838619466932
MICE,MCAR,0.3,5,0.0426857686723,0.221200716411,0.00836144370428
MICE,MCAR,0.3,6,0.0426328920459,0.108360943842,0.0095729283908
MICE,MCAR,0.3,7,0.0425981762517,0.113160542918,0.00952139832609
MICE,MCAR,0.3,8,0.042423812595,0.0463845893812,0.0102383267929
MICE,MCAR,0.3,9,0.0430783592836,0.0464029008943,0.0102381301945
MICE,MCAR,0.5,0,0.044564047497,0.0762277276204,0.00991792110476
MICE,MCAR,0.5,1,0.0450744906855,0.2584893961,0.00796110024918
MICE,MCAR,0.5,10,0.0443205178134,0.162700590589,0.00898952017926
MICE,MCAR,0.5,11,0.0444307641626,0.0371809132312,0.0103371404688
MICE,MCAR,0.5,12,0.0446969194532,0.13072716704,0.00933279730685
MICE,MCAR,0.5,13,0.044241997596,-0.0109059362986,0.0108534166053
MICE,MCAR,0.5,14,0.0442080595995,0.26442671985,0.00789735520044
MICE,MCAR,0.5,15,0.0445314048494,0.118421787972,0.00946491187925
MICE,MCAR,0.5,16,0.0442771289206,0.10779887909,0.00957896290172
MICE,MCAR,0.5,17,0.0442819279325,-0.0672527173348,0.0114583740667
MICE,MCAR,0.5,18,0.0444873898757,0.100356961092,0.00965886176617
MICE,MCAR,0.5,19,0.0444797857326,0.188092577878,0.00871690350288
MICE,MCAR,0.5,2,0.0447984065895,0.220909689039,0.00836456826928
MICE,MCAR,0.5,3,0.0450557151783,0.00781232749911,0.010652451206
MICE,MCAR,0.5,4,0.044909788513,0.123225391722,0.00941333881905
MICE,MCAR,0.5,5,0.0447193713401,0.348369944382,0.00699611330015
MICE,MCAR,0.5,6,0.0447502364998,0.182728783718,0.00877449095046
MICE,MCAR,0.5,7,0.0445256688672,0.123615547932,0.00940914997444
MICE,MCAR,0.5,8,0.0444262744641,0.25663117665,0.00798105070066
MICE,MCAR,0.5,9,0.0445944734123,0.218786340359,0.00838736523485
MICE,MCAR,0.7,0,0.0479101080578,0.333133074135,0.00715970132018
MICE,MCAR,0.7,1,0.0486334719892,0.313123591318,0.00737452966896
MICE,MCAR,0.7,10,0.0482090899984,0.202709727175,0.00855996900957
MICE,MCAR,0.7,11,0.0481459180473,0.252367582108,0.00802682604546
MICE,MCAR,0.7,12,0.0480793758693,0.395892340974,0.00648589731489
MICE,MCAR,0.7,13,0.0487626770058,0.302799657669,0.00748537079559
MICE,MCAR,0.7,14,0.0479139144452,0.289180549647,0.00763158999151
MICE,MCAR,0.7,15,0.0485008592718,0.547020414694,0.00486333691047
MICE,MCAR,0.7,16,0.0481384733734,0.407729382512,0.00635881096732
MICE,MCAR,0.7,17,0.0480913966246,0.0962540328622,0.00970291214492
MICE,MCAR,0.7,18,0.0482105132712,0.0499442185605,0.0102001094503
MICE,MCAR,0.7,19,0.0483177512192,0.368335337773,0.00678175830986
MICE,MCAR,0.7,2,0.0477035215344,0.347745289921,0.00700281979465
MICE,MCAR,0.7,3,0.0480825453892,0.297655769258,0.00754059726315
MICE,MCAR,0.7,4,0.0480985182731,0.251882474141,0.00803203432318
MICE,MCAR,0.7,5,0.0479701618562,0.0904020610905,0.00976574082692
MICE,MCAR,0.7,6,0.0481903120346,0.359574149356,0.00687582129281
MICE,MCAR,0.7,7,0.0479536210027,0.205685517812,0.00852801994848
MICE,MCAR,0.7,8,0.0480226070951,0.332663748214,0.0071647401567
MICE,MCAR,0.7,9,0.04811345361,0.229640281214,0.0082708337776
MeanImputation,MAR,0.1,0,0.209103812998,0.232985834057,0.00823491482858
MeanImputation,MAR,0.1,1,0.287496997813,0.176789808605,0.00883825372877
MeanImputation,MAR,0.1,10,0.14810392401,0.469600299994,0.00569454457114
MeanImputation,MAR,0.1,11,0.0933954435436,0.252960812674,0.00802045692817
MeanImputation,MAR,0.1,12,0.271500157936,0.187054956789,0.0087280437421
MeanImputation,MAR,0.1,13,0.173828750165,0.180799678035,0.0087952024597
MeanImputation,MAR,0.1,14,0.192456099657,0.21069216526,0.00847426694477
MeanImputation,MAR,0.1,15,0.16433985018,0.206168522266,0.00852283425477
MeanImputation,MAR,0.1,16,0.0567988142669,0.250872729257,0.00804287527435
MeanImputation,MAR,0.1,17,0.203198816389,0.542436060264,0.00491255603829
MeanImputation,MAR,0.1,18,0.135205683119,0.568603298364,0.00463161601577
MeanImputation,MAR,0.1,19,0.423881895432,0.188020568919,0.00871767661461
MeanImputation,MAR,0.1,2,0.143658302233,0.232448949177,0.00824067900017
MeanImputation,MAR,0.1,3,0.0562625082289,0.203680681361,0.00854954452801
MeanImputation,MAR,0.1,4,0.229743264588,0.170392132644,0.00890694126934
MeanImputation,MAR,0.1,5,0.0774506078889,0.229418125863,0.00827321891007
MeanImputation,MAR,0.1,6,0.214092170394,0.199994294069,0.0085891227871
MeanImputation,MAR,0.1,7,0.0772028372721,0.640784742975,0.00385665242974
MeanImputation,MAR,0.1,8,0.0765516972742,0.480110946453,0.00558169883474
MeanImputation,MAR,0.1,9,0.0553753596299,0.250184272947,0.00805026676636
MeanImputation,MAR,0.3,0,0.366177175876,0.590713109103,0.00439423785981
MeanImputation,MAR,0.3,1,0.388453566892,-0.116652374298,0.011988744933
MeanImputation,MAR,0.3,10,0.171698592901,0.187267736041,0.0087257592745
MeanImputation,MAR,0.3,11,0.316399704501,0.255523170022,0.00799294662202
MeanImputation,MAR,0.3,12,0.505101242835,0.238714785567,0.00817340693234
MeanImputation,MAR,0.3,13,0.358848130905,0.206903794345,0.00851494013336
MeanImputation,MAR,0.3,14,0.254801672515,0.225206400212,0.0083184373735
MeanImputation,MAR,0.3,15,0.332460791238,0.276387779814,0.0077689373505
MeanImputation,MAR,0.3,16,0.208813459515,0.591800066751,0.00438256792717
MeanImputation,MAR,0.3,17,0.287927597145,0.202749731854,0.00855953950626
MeanImputation,MAR,0.3,18,0.683658782222,0.188069513054,0.00871715113437
MeanImputation,MAR,0.3,19,0.245601647292,0.184050209138,0.00876030369516
MeanImputation,MAR,0.3,2,0.457146225106,0.0662805981112,0.010024716739
MeanImputation,MAR,0.3,3,0.269508162603,-0.343382257179,0.0144229910754
MeanImputation,MAR,0.3,4,0.493672241598,0.440660636944,0.00600525025425
MeanImputation,MAR,0.3,5,0.370016218401,0.197460938037,0.00861632172563
MeanImputation,MAR,0.3,6,0.078096786254,0.516363003821,0.00519248489575
MeanImputation,MAR,0.3,7,0.660339898367,0.166575872298,0.00894791388797
MeanImputation,MAR,0.3,8,0.285748617753,0.20566841941,0.00852820352252
MeanImputation,MAR,0.3,9,0.12674237403,0.659084965858,0.00366017525438
MeanImputation,MAR,0.5,0,0.275572726141,0.389320690217,0.00655645270574
MeanImputation,MAR,0.5,1,0.614572576814,0.18898543032,0.00870731754718
MeanImputation,MAR,0.5,10,0.103720186692,0.580183284943,0.00450728949427
MeanImputation,MAR,0.5,11,0.0946887289869,0.228291148613,0.00828531850625
MeanImputation,MAR,0.5,12,0.38099376478,0.234742506553,0.0082160546184
MeanImputation,MAR,0.5,13,0.530731271375,-0.391115519699,0.0149354709862
MeanImputation,MAR,0.5,14,0.479441789171,0.221141102359,0.00836208374023
MeanImputation,MAR,0.5,15,0.130928740786,0.217589895392,0.00840021065915
MeanImputation,MAR,0.5,16,0.176867341016,0.592587235523,0.00437411662589
MeanImputation,MAR,0.5,17,0.627841675303,0.6021347297,0.00427161160726
MeanImputation,MAR,0.5,18,0.505025450391,-0.013621293038,0.0108825695629
MeanImputation,MAR,0.5,19,0.460226520812,0.250508320088,0.00804678769031
MeanImputation,MAR,0.5,2,0.117664562443,0.222928023968,0.00834289876568
MeanImputation,MAR,0.5,3,0.187110629393,-0.21508430534,0.0130455423228
MeanImputation,MAR,0.5,4,0.660308315933,0.197109550536,0.0086200943367
MeanImputation,MAR,0.5,5,0.220813739397,-0.384929321863,0.0148690539439
MeanImputation,MAR,0.5,6,0.435687511043,-0.427156858251,0.0153224225791
MeanImputation,MAR,0.5,7,0.627227720584,0.188494962071,0.00871258337465
MeanImputation,MAR,0.5,8,0.0831470862137,0.738105839371,0.0028117813238
MeanImputation,MAR,0.5,9,0.252046981662,0.549383645749,0.0048379644893
MeanImputation,MAR,0.7,0,0.686489876783,0.207888991826,0.00850436273113
MeanImputation,MAR,0.7,1,0.459196165426,0.0539850471206,0.0101567257939
MeanImputation,MAR,0.7,10,0.783418405186,-0.0793215768683,0.0115879492881
MeanImputation,MAR,0.7,11,0.753306101941,0.616348145995,0.00411901172343
MeanImputation,MAR,0.7,12,0.110824084443,0.468769347609,0.00570346594758
MeanImputation,MAR,0.7,13,0.235720133065,0.468642454057,0.00570482831824
MeanImputation,MAR,0.7,14,0.0817334407714,0.490346352085,0.00547180817384
MeanImputation,MAR,0.7,15,0.235889146479,0.634505818541,0.00392406501509
MeanImputation,MAR,0.7,16,0.720073515772,-0.123139772751,0.0120583957636
MeanImputation,MAR,0.7,17,0.754780471276,0.0770357877536,0.00990924550701
MeanImputation,MAR,0.7,18,0.105690425363,0.702588484909,0.0031931072522
MeanImputation,MAR,0.7,19,0.486736394251,-0.35003806398,0.014494449993
MeanImputation,MAR,0.7,2,0.168714382421,0.473349497962,0.00565429195611
MeanImputation,MAR,0.7,3,0.652379307856,0.61144126564,0.00417169359502
MeanImputation,MAR,0.7,4,0.57186959111,0.180114260061,0.00880256133114
MeanImputation,MAR,0.7,5,0.39364700735,0.563031568862,0.00469143592515
MeanImputation,MAR,0.7,6,0.565099507263,0.510256264487,0.00525804884559
MeanImputation,MAR,0.7,7,0.391129010259,0.203454129233,0.00855197686572
MeanImputation,MAR,0.7,8,0.529424553939,0.327332638215,0.00722197669643
MeanImputation,MAR,0.7,9,0.0983967485869,0.724816738323,0.00295445745695
MeanImputation,MCAR,0.1,0,0.0825724252498,0.51322961691,0.00522612596195
MeanImputation,MCAR,0.1,1,0.0784231644599,0.500051157848,0.00536761420659
MeanImputation,MCAR,0.1,10,0.0709188966176,0.461831029695,0.0057779579969
MeanImputation,MCAR,0.1,11,0.0933438718445,0.539511298233,0.00494395723958
MeanImputation,MCAR,0.1,12,0.0724068337788,0.487320028939,0.00550429976846
MeanImputation,MCAR,0.1,13,0.0590669185913,0.398238404893,0.00646070920571
MeanImputation,MCAR,0.1,14,0.0680903345233,0.464687980747,0.00574728483645
MeanImputation,MCAR,0.1,15,0.0579823993114,0.389075142927,0.00655908898172
MeanImputation,MCAR,0.1,16,0.0641695983721,0.457611068311,0.00582326488186
MeanImputation,MCAR,0.1,17,0.0578415161454,0.377696924534,0.00668124925401
MeanImputation,MCAR,0.1,18,0.0583297265393,0.372956547029,0.00673214349658
MeanImputation,MCAR,0.1,19,0.0608661251548,0.422517961158,0.00620003595247
MeanImputation,MCAR,0.1,2,0.0744900989532,0.498647789497,0.00538268122798
MeanImputation,MCAR,0.1,3,0.103127204704,0.545881268228,0.00487556715933
MeanImputation,MCAR,0.1,4,0.0972664708428,0.542425331766,0.00491267122295
MeanImputation,MCAR,0.1,5,0.0567987028632,0.386141409216,0.0065905865059
MeanImputation,MCAR,0.1,6,0.0951553089148,0.529764884819,0.00504859792017
MeanImputation,MCAR,0.1,7,0.0575407826737,0.363408022042,0.00683465958232
MeanImputation,MCAR,0.1,8,0.0573767835313,0.369911748309,0.00676483345101
MeanImputation,MCAR,0.1,9,0.0689183847866,0.450234397366,0.00590246323261
MeanImputation,MCAR,0.3,0,0.06438539606,0.258252510671,0.00796364352858
MeanImputation,MCAR,0.3,1,0.139258572646,0.731623895369,0.00288137359359
MeanImputation,MCAR,0.3,10,0.150534331184,0.722782645302,0.0029762961446
MeanImputation,MCAR,0.3,11,0.0837370388829,0.664815857059,0.00359864653297
MeanImputation,MCAR,0.3,12,0.144629807797,0.725138001632,0.00295100826904
MeanImputation,MCAR,0.3,13,0.098615553295,0.720292025717,0.00300303625066
MeanImputation,MCAR,0.3,14,0.18076543913,0.675772153335,0.00348101615445
MeanImputation,MCAR,0.3,15,0.273127808243,0.475710542477,0.00562894301035
MeanImputation,MCAR,0.3,16,0.171523825689,0.694561616062,0.00327928634019
MeanImputation,MCAR,0.3,17,0.153463279768,0.717895020705,0.00302877128007
MeanImputation,MCAR,0.3,18,0.20120869108,0.634696774176,0.00392201485297
MeanImputation,MCAR,0.3,19,0.206298362444,0.620599860963,0.00407336392162
MeanImputation,MCAR,0.3,2,0.0712230880712,0.585161025318,0.00445384684634
MeanImputation,MCAR,0.3,3,0.0765297237798,0.619947831074,0.00408036432766
MeanImputation,MCAR,0.3,4,0.15793141767,0.711276195067,0.00309983315587
MeanImputation,MCAR,0.3,5,0.108499620403,0.732334565468,0.00287374360709
MeanImputation,MCAR,0.3,6,0.0624168843115,0.406757174208,0.00636924891349
MeanImputation,MCAR,0.3,7,0.27777028542,0.474673951757,0.00564007218719
MeanImputation,MCAR,0.3,8,0.241711527494,0.559890497045,0.00472515949902
MeanImputation,MCAR,0.3,9,0.18411105779,0.67588816493,0.00347977061605
MeanImputation,MCAR,0.5,0,0.291480041314,0.402002419455,0.00642029751489
MeanImputation,MCAR,0.5,1,0.206260113077,0.652954766203,0.00372599108188
MeanImputation,MCAR,0.5,10,0.242327738249,0.551521525847,0.00481501150968
MeanImputation,MCAR,0.5,11,0.414900068655,0.173307549761,0.00887564039809
MeanImputation,MCAR,0.5,12,0.0818609092249,0.514829014684,0.0052089543046
MeanImputation,MCAR,0.5,13,0.136239078851,0.80810433252,0.00206025461829
MeanImputation,MCAR,0.5,14,0.330684948601,0.308179794046,0.00742760789264
MeanImputation,MCAR,0.5,15,0.419198715105,0.152977625145,0.00909390911478
MeanImputation,MCAR,0.5,16,0.0771069198603,0.407883913986,0.00635715186689
MeanImputation,MCAR,0.5,17,0.400993601985,0.185929603772,0.00874012589998
MeanImputation,MCAR,0.5,18,0.280223273694,0.440211424502,0.00601007314587
MeanImputation,MCAR,0.5,19,0.190527088836,0.704889891993,0.0031683985934
MeanImputation,MCAR,0.5,2,0.259720837657,0.488766982407,0.00548876480301
MeanImputation,MCAR,0.5,3,0.0828134038425,0.581579114415,0.00449230341275
MeanImputation,MCAR,0.5,4,0.076169615167,0.335613774784,0.00713306770705
MeanImputation,MCAR,0.5,5,0.165910873573,0.769727502418,0.00247228081195
MeanImputation,MCAR,0.5,6,0.410056597657,0.170733706779,0.00890327401776
MeanImputation,MCAR,0.5,7,0.0726616480774,0.0626808165247,0.0100633651709
MeanImputation,MCAR,0.5,8,0.161962315715,0.776637519674,0.00239809260775
MeanImputation,MCAR,0.5,9,0.266493210176,0.473927716249,0.00564808401556
MeanImputation,MCAR,0.7,0,0.309809790272,0.354416269611,0.00693119797591
MeanImputation,MCAR,0.7,1,0.616719183693,-0.0569421119531,0.0113476760367
MeanImputation,MCAR,0.7,10,0.0872564208197,-0.500332659066,0.0161080618984
MeanImputation,MCAR,0.7,11,0.486306346406,0.0479118319475,0.0102219298174
MeanImputation,MCAR,0.7,12,0.0858443221057,-0.660687798782,0.0178296870997
MeanImputation,MCAR,0.7,13,0.343539064338,0.264942194399,0.00789182089716
MeanImputation,MCAR,0.7,14,0.168448215117,0.759008482431,0.00258736371466
MeanImputation,MCAR,0.7,15,0.0924814400309,-0.381632889689,0.0148336623705
MeanImputation,MCAR,0.7,16,0.0919493217518,0.084267233272,0.0098316063439
MeanImputation,MCAR,0.7,17,0.118846810269,0.578809115428,0.00452204302741
MeanImputation,MCAR,0.7,18,0.251767261,0.518231372343,0.00517242548052
MeanImputation,MCAR,0.7,19,0.55752197068,-0.0128952477433,0.0108747745033
MeanImputation,MCAR,0.7,2,0.614491974212,-0.0649391423283,0.0114335347691
MeanImputation,MCAR,0.7,3,0.0882607656171,-0.445455094775,0.0155188784282
MeanImputation,MCAR,0.7,4,0.0964865086519,-0.413027681943,0.0151707271233
MeanImputation,MCAR,0.7,5,0.142367563888,0.706618967784,0.00314983467046
MeanImputation,MCAR,0.7,6,0.411871155556,0.16673445206,0.00894621132381
MeanImputation,MCAR,0.7,7,0.604529110246,-0.0706151163292,0.0114944738815
MeanImputation,MCAR,0.7,8,0.177393822526,0.752662098968,0.0026555005622
MeanImputation,MCAR,0.7,9,0.0865949791588,-0.528244510442,0.0164077326594
MissForest,MAR,0.1,0,0.0538220602774,0.150837027131,0.00911689127483
MissForest,MAR,0.1,1,0.0123670718234,0.225204598145,0.00831845672108
MissForest,MAR,0.1,10,0.048234958024,0.166847482813,0.00894499778869
MissForest,MAR,0.1,11,0.0136187513249,0.174540407188,0.00886240403772
MissForest,MAR,0.1,12,0.0203517519533,0.173197092271,0.00887682630582
MissForest,MAR,0.1,13,0.0215410315364,0.167715696894,0.00893567635849
MissForest,MAR,0.1,14,0.0145714626267,0.163546088281,0.00898044263964
MissForest,MAR,0.1,15,0.047353613094,0.166998111812,0.00894338058652
MissForest,MAR,0.1,16,0.0170387186593,0.179854061724,0.00880535490555
MissForest,MAR,0.1,17,0.0193866824888,0.143619728259,0.00919437855492
MissForest,MAR,0.1,18,0.0550992938498,0.152824850908,0.00909554934894
MissForest,MAR,0.1,19,0.0230099612508,0.198657926918,0.00860347046169
MissForest,MAR,0.1,2,0.0153646049378,0.138140274712,0.00925320775947
MissForest,MAR,0.1,3,0.0182112010996,0.18637523888,0.00873534141578
MissForest,MAR,0.1,4,0.0595452726016,0.181880056983,0.00878360315814
MissForest,MAR,0.1,5,0.0111403867521,0.0890537827593,0.00978021638385
MissForest,MAR,0.1,6,0.0152271310562,0.163113424153,0.00898508786316
MissForest,MAR,0.1,7,0.0109042959023,0.0389215539838,0.0103184523806
MissForest,MAR,0.1,8,0.0406195613384,0.113632424166,0.00951633205475
MissForest,MAR,0.1,9,0.0152813571332,0.189592546958,0.00870079934449
MissForest,MAR,0.3,0,0.0196832117991,-0.036618399911,0.0111294740202
MissForest,MAR,0.3,1,0.0456249412486,0.109450513159,0.00956123041842
MissForest,MAR,0.3,10,0.0191321935769,0.171362731814,0.00889652059935
MissForest,MAR,0.3,11,0.0494467509273,0.165346967234,0.00896110781448
MissForest,MAR,0.3,12,0.0274406057156,0.204737723122,0.00853819578212
MissForest,MAR,0.3,13,0.0466463469275,0.160136919609,0.00901704458898
MissForest,MAR,0.3,14,0.0156669571582,0.217535148811,0.00840079843634
MissForest,MAR,0.3,15,0.0405544029522,0.248635983558,0.00806688970738
MissForest,MAR,0.3,16,0.0214348351518,-0.0941990245732,0.0117476784302
MissForest,MAR,0.3,17,0.0211408921885,0.175661803287,0.00885036436261
MissForest,MAR,0.3,18,0.0231993556737,0.175446528437,0.00885267562378
MissForest,MAR,0.3,19,0.0543500468385,0.219287490258,0.00838198472571
MissForest,MAR,0.3,2,0.0182505437444,0.0261960766007,0.0104550772658
MissForest,MAR,0.3,3,0.0477795693128,0.22681729046,0.00830114232919
MissForest,MAR,0.3,4,0.0477965908776,0.158979248546,0.00902947372397
MissForest,MAR,0.3,5,0.0252006603989,0.19438205087,0.00864937766476
MissForest,MAR,0.3,6,0.0187974037056,0.182202482947,0.00878014148758
MissForest,MAR,0.3,7,0.0233821221682,0.310724404864,0.00740028811904
MissForest,MAR,0.3,8,0.0393555048306,0.191017045842,0.00868550545879
MissForest,MAR,0.3,9,0.0485381031016,0.0684389234008,0.0100015442531
MissForest,MAR,0.5,0,0.0267735667394,0.160091548083,0.00901753171253
MissForest,MAR,0.5,1,0.0500691155057,0.197950727542,0.00861106318538
MissForest,MAR,0.5,10,0.0480224119844,0.303509768816,0.00747774681017
MissForest,MAR,0.5,11,0.0237646657001,0.295315939278,0.00756571844273
MissForest,MAR,0.5,12,0.0234732295043,0.319784092915,0.00730302034645
MissForest,MAR,0.5,13,0.0479085322663,0.127756699148,0.00936468922121
MissForest,MAR,0.5,14,0.0470145661777,0.167748197221,0.00893532742436
MissForest,MAR,0.5,15,0.0245735107079,0.230026950793,0.00826668236659
MissForest,MAR,0.5,16,0.0249437801407,0.260542862139,0.00793905356648
MissForest,MAR,0.5,17,0.0507117177447,0.227671623031,0.00829196993542
MissForest,MAR,0.5,18,0.0332889843721,0.323641735385,0.0072616034358
MissForest,MAR,0.5,19,0.033577136396,0.309439514391,0.0074140831232
MissForest,MAR,0.5,2,0.0520499878161,0.160578751305,0.00901230093946
MissForest,MAR,0.5,3,0.0354945392101,0.0329270093451,0.0103828117715
MissForest,MAR,0.5,4,0.0255166256892,0.229711544489,0.00827006867178
MissForest,MAR,0.5,5,0.0361128716748,-0.377812968425,0.014792650447
MissForest,MAR,0.5,6,0.0269037975963,0.364867922945,0.00681898560898
MissForest,MAR,0.5,7,0.0225398952659,0.214069431943,0.00843800750561
MissForest,MAR,0.5,8,0.0233707895164,-0.0248365996975,0.0110029807616
MissForest,MAR,0.5,9,0.0495941982217,0.304625596808,0.00746576691608
MissForest,MAR,0.7,0,0.047734880528,0.209775596429,0.00848410752737
MissForest,MAR,0.7,1,0.0496633119098,0.216877627973,0.008407857795
MissForest,MAR,0.7,10,0.0549153429253,0.434794160022,0.00606823466828
MissForest,MAR,0.7,11,0.046689578664,0.251638058901,0.0080346584451
MissForest,MAR,0.7,12,0.0475063092124,0.263967697169,0.007902283418
MissForest,MAR,0.7,13,0.0560830650338,-0.0495150512414,0.0112679366849
MissForest,MAR,0.7,14,0.0498282328491,0.0944951733011,0.00972179583616
MissForest,MAR,0.7,15,0.0509796415111,-0.255222329103,0.0134764772674
MissForest,MAR,0.7,16,0.0537034742632,0.205190254572,0.00853333725653
MissForest,MAR,0.7,17,0.0474245625134,0.286378872576,0.00766166971243
MissForest,MAR,0.7,18,0.0495993188467,0.167951249463,0.0089331473891
MissForest,MAR,0.7,19,0.040789942765,-0.17358004222,0.0125999389859
MissForest,MAR,0.7,2,0.0487925717005,0.224246431981,0.00832874390625
MissForest,MAR,0.7,3,0.0493607489998,0.322694909706,0.00727176886581
MissForest,MAR,0.7,4,0.0492040206216,0.292613322547,0.00759473461946
MissForest,MAR,0.7,5,0.045551052765,0.211968196583,0.00846056705534
MissForest,MAR,0.7,6,0.0484649363749,0.258714707869,0.00795868122837
MissForest,MAR,0.7,7,0.0484510571288,0.284668774465,0.0076800298848
MissForest,MAR,0.7,8,0.0458440973959,-0.0500512242184,0.0112736932133
MissForest,MAR,0.7,9,0.0290388292232,0.0915108800496,0.00975383618409
MissForest,MCAR,0.1,0,0.0323341696606,0.17204366678,0.00888920985895
MissForest,MCAR,0.1,1,0.0329787232507,0.152055307886,0.00910381141438
MissForest,MCAR,0.1,10,0.0328847053538,0.187694189865,0.00872118072683
MissForest,MCAR,0.1,11,0.0318642948795,0.172376162154,0.00888564007991
MissForest,MCAR,0.1,12,0.0312241839637,0.16509358689,0.00896382818868
MissForest,MCAR,0.1,13,0.0323663004608,0.162901525522,0.00898736287613
MissForest,MCAR,0.1,14,0.032696274639,0.179791511244,0.00880602646795
MissForest,MCAR,0.1,15,0.0329382432422,0.150428825945,0.00912127385622
MissForest,MCAR,0.1,16,0.0320028057103,0.165115075356,0.00896359748149
MissForest,MCAR,0.1,17,0.0328288993674,0.13205699618,0.00931851982647
MissForest,MCAR,0.1,18,0.0331462048371,0.171935203963,0.00889037435121
MissForest,MCAR,0.1,19,0.0313871482195,0.159287342163,0.00902616593018
MissForest,MCAR,0.1,2,0.0325246989108,0.185828054077,0.00874121617071
MissForest,MCAR,0.1,3,0.0325353521459,0.144642684771,0.0091833957594
MissForest,MCAR,0.1,4,0.0335219524225,0.144230325206,0.00918782298649
MissForest,MCAR,0.1,5,0.0331257396201,0.140294745374,0.00923007665814
MissForest,MCAR,0.1,6,0.0326218352358,0.130622520096,0.00933392083064
MissForest,MCAR,0.1,7,0.0336215064448,0.168670282445,0.00892542761595
MissForest,MCAR,0.1,8,0.0329411892839,0.175679117501,0.00885017847155
MissForest,MCAR,0.1,9,0.0325881739915,0.177261124699,0.00883319352511
MissForest,MCAR,0.3,0,0.0347772945093,0.093652259875,0.00973084563025
MissForest,MCAR,0.3,1,0.0351162153962,0.160532091951,0.00901280188953
MissForest,MCAR,0.3,10,0.0355825861352,0.131322869356,0.00932640165205
MissForest,MCAR,0.3,11,0.0354064210529,0.114122101006,0.00951107472412
MissForest,MCAR,0.3,12,0.0362069694698,0.0897186745188,0.00977307788856
MissForest,MCAR,0.3,13,0.0352333549275,0.100047092864,0.00966218861276
MissForest,MCAR,0.3,14,0.0351425462718,0.159486769581,0.00902402481223
MissForest,MCAR,0.3,15,0.0355653646732,0.174498143118,0.00886285779859
MissForest,MCAR,0.3,16,0.0353815954997,0.163569535451,0.00898019090316
MissForest,MCAR,0.3,17,0.0357880392373,0.186684976853,0.00873201596765
MissForest,MCAR,0.3,18,0.0350775547565,0.119417424461,0.00945422240042
MissForest,MCAR,0.3,19,0.0355441879495,0.131030514486,0.0093295404695
MissForest,MCAR,0.3,2,0.0344098271297,0.100141141685,0.00966117887388
MissForest,MCAR,0.3,3,0.0354233796159,0.236396676065,0.00819829491376
MissForest,MCAR,0.3,4,0.0352219023033,0.204255232949,0.00854337595434
MissForest,MCAR,0.3,5,0.0351821490426,0.19667439139,0.00862476634755
MissForest,MCAR,0.3,6,0.0351021995632,0.072053798456,0.00996273377276
MissForest,MCAR,0.3,7,0.0354004876909,0.159628160149,0.00902250679687
MissForest,MCAR,0.3,8,0.0351321228373,0.144804429962,0.00918165921015
MissForest,MCAR,0.3,9,0.0350622341293,0.120858698059,0.00943874841591
MissForest,MCAR,0.5,0,0.0385172081504,-0.00184846419953,0.0107561726239
MissForest,MCAR,0.5,1,0.0395121647156,0.109211752667,0.00956379382912
MissForest,MCAR,0.5,10,0.0386081369367,0.216806555167,0.00840862085588
MissForest,MCAR,0.5,11,0.0388129979449,0.221398394402,0.00835932136874
MissForest,MCAR,0.5,12,0.0388861154361,0.191503292506,0.00868028495565
MissForest,MCAR,0.5,13,0.0393695041074,0.105324139141,0.00960553251882
MissForest,MCAR,0.5,14,0.0392326476163,-0.00324343124681,0.0107711494461
MissForest,MCAR,0.5,15,0.0391693690801,0.154769106059,0.00907467519004
MissForest,MCAR,0.5,16,0.0387653494315,0.208232761759,0.00850067190476
MissForest,MCAR,0.5,17,0.0388560023471,0.0567242628349,0.0101273166785
MissForest,MCAR,0.5,18,0.038739804301,0.157824486131,0.00904187163075
MissForest,MCAR,0.5,19,0.0388190782517,0.261018777375,0.00793394398493
MissForest,MCAR,0.5,2,0.0392779726774,0.170381347867,0.00890705705822
MissForest,MCAR,0.5,3,0.0390496011583,0.0787757011977,0.00989056522748
MissForest,MCAR,0.5,4,0.0393363426403,0.054947308665,0.0101463946394
MissForest,MCAR,0.5,5,0.0390875771011,0.0462555330615,0.0102397123837
MissForest,MCAR,0.5,6,0.038717042434,0.186305150657,0.00873609390586
MissForest,MCAR,0.5,7,0.0391528008573,0.149190217437,0.00913457196206
MissForest,MCAR,0.5,8,0.0395132620324,0.163147405075,0.00898472303287
MissForest,MCAR,0.5,9,0.0392504453443,0.0876621452411,0.00979515745918
MissForest,MCAR,0.7,0,0.0453715591408,0.251476187375,0.00803639635072
MissForest,MCAR,0.7,1,0.0455235013494,0.255097939252,0.00799751203859
MissForest,MCAR,0.7,10,0.0469272181721,0.264110075532,0.00790075479735
MissForest,MCAR,0.7,11,0.0468774778784,0.190098747219,0.008695364613
MissForest,MCAR,0.7,12,0.0454627606826,0.0808251775031,0.00986856137987
MissForest,MCAR,0.7,13,0.0466951898391,0.290134114848,0.00762135220379
MissForest,MCAR,0.7,14,0.0457822308505,0.123835826388,0.00940678499292
MissForest,MCAR,0.7,15,0.0455788942979,0.0619551164281,0.0100711565243
MissForest,MCAR,0.7,16,0.0460179272567,0.153145851235,0.00909210298449
MissForest,MCAR,0.7,17,0.0456850501471,0.192132202952,0.00867353276751
MissForest,MCAR,0.7,18,0.0454416618235,0.0975722527937,0.0096887593048
MissForest,MCAR,0.7,19,0.0456413422107,0.38817735609,0.0065687279147
MissForest,MCAR,0.7,2,0.0453553722646,0.217165232648,0.00840476997719
MissForest,MCAR,0.7,3,0.0447962355079,0.0805372331562,0.00987165284451
MissForest,MCAR,0.7,4,0.0457442788525,0.00637157268754,0.0106679196206
MissForest,MCAR,0.7,5,0.046093941061,0.0546369949548,0.0101497262688
MissForest,MCAR,0.7,6,0.0462931913454,0.187159309135,0.0087269233812
MissForest,MCAR,0.7,7,0.0463602494848,0.221811907968,0.00835488175193
MissForest,MCAR,0.7,8,0.0457022514709,-0.16694501676,0.0125287031835
MissForest,MCAR,0.7,9,0.0457440944456,0.050721402648,0.0101917653479
MostFrequent,MAR,0.1,0,0.611269276896,0.223232570187,0.00833962905791
MostFrequent,MAR,0.1,1,0.627646883375,0.177028413926,0.00883569198404
MostFrequent,MAR,0.1,10,0.535658285978,0.456210395225,0.005838302966
MostFrequent,MAR,0.1,11,0.199438006837,0.261225378071,0.00793172585232
MostFrequent,MAR,0.1,12,0.83091957256,0.193532601697,0.00865849762878
MostFrequent,MAR,0.1,13,0.446135499995,0.1839917178,0.00876093167728
MostFrequent,MAR,0.1,14,0.752325511176,0.206909845042,0.00851487517109
MostFrequent,MAR,0.1,15,0.577503064744,0.197698018562,0.00861377635161
MostFrequent,MAR,0.1,16,0.117347138834,0.21721778259,0.00840420578383
MostFrequent,MAR,0.1,17,0.587641618399,0.543243727393,0.00490388465996
MostFrequent,MAR,0.1,18,0.354173635753,0.570981978795,0.00460607772506
MostFrequent,MAR,0.1,19,0.95284532313,0.181267214834,0.00879018283179
MostFrequent,MAR,0.1,2,0.325478869538,0.221208242243,0.00836136290449
MostFrequent,MAR,0.1,3,0.0970296243458,0.203801747994,0.00854824471707
MostFrequent,MAR,0.1,4,0.502256330498,0.170418410372,0.00890665914305
MostFrequent,MAR,0.1,5,0.188031213158,0.169328853985,0.00891835697661
MostFrequent,MAR,0.1,6,0.649670647151,0.186848657751,0.00873025863601
MostFrequent,MAR,0.1,7,0.127272909178,0.640152626824,0.00386343903538
MostFrequent,MAR,0.1,8,0.131030362163,0.471103945596,0.0056784009404
MostFrequent,MAR,0.1,9,0.0865924968055,0.240593739283,0.00815323387099
MostFrequent,MAR,0.3,0,0.652872595443,0.582742472185,0.00447981322342
MostFrequent,MAR,0.3,1,0.667594456123,-0.144528639756,0.0122880336319
MostFrequent,MAR,0.3,10,0.212855800886,0.188341019892,0.0087142361482
MostFrequent,MAR,0.3,11,0.497900350969,0.288393719028,0.00764003766226
MostFrequent,MAR,0.3,12,0.727364024713,0.237454748503,0.00818693510217
MostFrequent,MAR,0.3,13,0.635351815092,0.211307131089,0.00846766447059
MostFrequent,MAR,0.3,14,0.395123363766,0.215445491277,0.00842323368275
MostFrequent,MAR,0.3,15,0.49289791722,0.272478209193,0.00781091177875
MostFrequent,MAR,0.3,16,0.266321386172,0.590334564037,0.00439830204339
MostFrequent,MAR,0.3,17,0.479493423519,0.201014398631,0.00857817061103
MostFrequent,MAR,0.3,18,0.874280631545,0.188255595406,0.00871515329341
MostFrequent,MAR,0.3,19,0.346739974115,0.187718817585,0.00872091631557
MostFrequent,MAR,0.3,2,0.814741157262,0.0511609112005,0.0101870466404
MostFrequent,MAR,0.3,3,0.401872565146,-0.370191913015,0.0147108283047
MostFrequent,MAR,0.3,4,0.88428704857,0.397105518802,0.00647287224113
MostFrequent,MAR,0.3,5,0.483358008396,0.190751755067,0.00868835370727
MostFrequent,MAR,0.3,6,0.115892617477,0.521888230489,0.005133164256
MostFrequent,MAR,0.3,7,0.876759089097,0.180414141843,0.0087993417023
MostFrequent,MAR,0.3,8,0.492011631927,0.206113322118,0.00852342690159
MostFrequent,MAR,0.3,9,0.194315088125,0.661936237131,0.00362956307389
MostFrequent,MAR,0.5,0,0.338341334214,0.267375087816,0.00786570055811
MostFrequent,MAR,0.5,1,0.743702903057,0.190991497353,0.00868577975572
MostFrequent,MAR,0.5,10,0.122532675052,0.597975946144,0.00431626166706
MostFrequent,MAR,0.5,11,0.124653897302,0.220872753401,0.00836496482237
MostFrequent,MAR,0.5,12,0.486538493135,0.197910973733,0.00861148999527
MostFrequent,MAR,0.5,13,0.649729234885,-0.395203394873,0.0149793597504
MostFrequent,MAR,0.5,14,0.618895047521,0.220908507705,0.00836458095247
MostFrequent,MAR,0.5,15,0.154449037679,0.222743990228,0.00834487461207
MostFrequent,MAR,0.5,16,0.208441467112,0.590920451715,0.00439201176174
MostFrequent,MAR,0.5,17,0.732200378198,0.602692503521,0.00426562316517
MostFrequent,MAR,0.5,18,0.556765992406,-0.051801875943,0.0112924887825
MostFrequent,MAR,0.5,19,0.526120354498,0.250333092941,0.00804866898625
MostFrequent,MAR,0.5,2,0.131102017605,0.227325568616,0.00829568528874
MostFrequent,MAR,0.5,3,0.2411516168,-0.241581963353,0.0133300298416
MostFrequent,MAR,0.5,4,0.784932765954,0.197282304127,0.00861823959768
MostFrequent,MAR,0.5,5,0.281216786207,-0.401829169519,0.015050496233
MostFrequent,MAR,0.5,6,0.514242720195,-0.427773017465,0.0153290378658
MostFrequent,MAR,0.5,7,0.779472133124,0.193438434428,0.00865950863936
MostFrequent,MAR,0.5,8,0.107980309992,0.739067049114,0.00280146146177
MostFrequent,MAR,0.5,9,0.307422355606,0.545205503754,0.00488282238763
MostFrequent,MAR,0.7,0,0.752326461887,0.206799075524,0.00851606442885
MostFrequent,MAR,0.7,1,0.490382882617,0.0513270081195,0.0101852633696
MostFrequent,MAR,0.7,10,0.875460994088,-0.0860838004006,0.0116605507305
MostFrequent,MAR,0.7,11,0.845647907025,0.618909717287,0.00409150985665
MostFrequent,MAR,0.7,12,0.122364830373,0.496743894349,0.00540312206869
MostFrequent,MAR,0.7,13,0.259333440977,0.417010807018,0.00625916255965
MostFrequent,MAR,0.7,14,0.0885792380095,0.503792727601,0.00532744349057
MostFrequent,MAR,0.7,15,0.254788300266,0.633650750227,0.00393324530804
MostFrequent,MAR,0.7,16,0.78264993456,-0.162346739961,0.0124793345806
MostFrequent,MAR,0.7,17,0.885241105936,0.0737732950121,0.00994427269561
MostFrequent,MAR,0.7,18,0.110627062751,0.700566649303,0.00321481434022
MostFrequent,MAR,0.7,19,0.514397300627,-0.352406959557,0.0145198832304
MostFrequent,MAR,0.7,2,0.179436572322,0.463126347795,0.00576405103833
MostFrequent,MAR,0.7,3,0.742237889123,0.609080506479,0.00419703947713
MostFrequent,MAR,0.7,4,0.636414779413,0.184009899172,0.00876073647614
MostFrequent,MAR,0.7,5,0.446795950373,0.558477736792,0.00474032735494
MostFrequent,MAR,0.7,6,0.639415993734,0.510436995254,0.00525610846099
MostFrequent,MAR,0.7,7,0.430120474533,0.204058456319,0.00854548861257
MostFrequent,MAR,0.7,8,0.614347196743,0.29439478939,0.00757560820906
MostFrequent,MAR,0.7,9,0.109888494709,0.720254644037,0.00300343759259
MostFrequent,MCAR,0.1,0,0.305179534002,0.219735189703,0.00837717807811
MostFrequent,MCAR,0.1,1,0.307027325775,0.227963675567,0.00828883436392
MostFrequent,MCAR,0.1,10,0.232138278495,0.277206098258,0.00776015161617
MostFrequent,MCAR,0.1,11,0.422054017675,0.214171532306,0.00843691132272
MostFrequent,MCAR,0.1,12,0.231334282802,0.259614630425,0.00794901936561
MostFrequent,MCAR,0.1,13,0.0711862536217,0.506843539694,0.0052946889746
MostFrequent,MCAR,0.1,14,0.197055282888,0.31982387091,0.00730259327688
MostFrequent,MCAR,0.1,15,0.0776309053668,0.508452241678,0.00527741742421
MostFrequent,MCAR,0.1,16,0.155008824671,0.365857953059,0.00680835632203
MostFrequent,MCAR,0.1,17,0.093963677125,0.248204230906,0.008071525145
MostFrequent,MCAR,0.1,18,0.109586616921,0.238945300678,0.00817093204675
MostFrequent,MCAR,0.1,19,0.122909991287,0.405464138233,0.00638313137042
MostFrequent,MCAR,0.1,2,0.244881684637,0.250975224313,0.00804177485392
MostFrequent,MCAR,0.1,3,0.499770817609,0.19430347259,0.00865022130686
MostFrequent,MCAR,0.1,4,0.461740215567,0.202272602043,0.00856466212789
MostFrequent,MCAR,0.1,5,0.0807987537719,0.239861769583,0.00816109253698
MostFrequent,MCAR,0.1,6,0.438905518547,0.208714808599,0.0084954964923
MostFrequent,MCAR,0.1,7,0.0752566318693,0.24100396885,0.00814882951225
MostFrequent,MCAR,0.1,8,0.0982170858254,0.242940206165,0.00812804143546
MostFrequent,MCAR,0.1,9,0.21123677004,0.298086047502,0.00753597765526
MostFrequent,MCAR,0.3,0,0.120339220249,0.0773415640661,0.00990596259255
MostFrequent,MCAR,0.3,1,0.428534225156,0.288966365947,0.00763388953773
MostFrequent,MCAR,0.3,10,0.468152012172,0.21345452641,0.00844460933243
MostFrequent,MCAR,0.3,11,0.213698270328,0.740776400107,0.0027831093107
MostFrequent,MCAR,0.3,12,0.446572729943,0.251647894271,0.00803455284936
MostFrequent,MCAR,0.3,13,0.276276680739,0.620783874775,0.00407138828918
MostFrequent,MCAR,0.3,14,0.573520450719,0.0920822418669,0.00974770185684
MostFrequent,MCAR,0.3,15,0.894621834442,-0.138322418849,0.0122214016154
MostFrequent,MCAR,0.3,16,0.540436618938,0.122134258288,0.0094250535843
MostFrequent,MCAR,0.3,17,0.481045114843,0.198351978995,0.00860675521861
MostFrequent,MCAR,0.3,18,0.650293345941,0.0140184395714,0.010585820358
MostFrequent,MCAR,0.3,19,0.665039970227,3.53227751456e-05,0.0107359476711
MostFrequent,MCAR,0.3,2,0.156461586542,0.741161071796,0.0027789793497
MostFrequent,MCAR,0.3,3,0.180257911924,0.760242191534,0.00257411821042
MostFrequent,MCAR,0.3,4,0.495560537289,0.180589978604,0.00879745386135
MostFrequent,MCAR,0.3,5,0.315131748002,0.519386992319,0.00516001836668
MostFrequent,MCAR,0.3,6,0.108299201678,0.214369084926,0.00843479033321
MostFrequent,MCAR,0.3,7,0.909429141737,-0.128201761001,0.0121127429242
MostFrequent,MCAR,0.3,8,0.78783600448,-0.0618846080537,0.0114007402906
MostFrequent,MCAR,0.3,9,0.585869950955,0.0768881115739,0.00991083100675
MostFrequent,MCAR,0.5,0,0.5745598303,0.0171929655112,0.0105517376097
MostFrequent,MCAR,0.5,1,0.400928699659,0.241692976813,0.00814143209752
MostFrequent,MCAR,0.5,10,0.475215979937,0.13560875661,0.0092803869654
MostFrequent,MCAR,0.5,11,0.824157213215,-0.117653925031,0.0119994979091
MostFrequent,MCAR,0.5,12,0.131617151419,0.652570448707,0.00373011724016
MostFrequent,MCAR,0.5,13,0.254005538626,0.654011105587,0.00371464987694
MostFrequent,MCAR,0.5,14,0.654588053953,-0.0461064386941,0.0112313407063
MostFrequent,MCAR,0.5,15,0.831324686658,-0.135526422392,0.0121913828834
MostFrequent,MCAR,0.5,16,0.119636545538,0.46531227154,0.00574058224641
MostFrequent,MCAR,0.5,17,0.797028079026,-0.111590291018,0.0119343967521
MostFrequent,MCAR,0.5,18,0.551984179086,0.0442793954502,0.0102609288431
MostFrequent,MCAR,0.5,19,0.36747987314,0.328329855508,0.00721127024557
MostFrequent,MCAR,0.5,2,0.509960024155,0.0819914858177,0.00985603951253
MostFrequent,MCAR,0.5,3,0.134062263955,0.693013826371,0.0032959039163
MostFrequent,MCAR,0.5,4,0.116280599241,0.342196159914,0.00706239706846
MostFrequent,MCAR,0.5,5,0.317167894069,0.455387317691,0.00584713979548
MostFrequent,MCAR,0.5,6,0.812711125115,-0.119813733318,0.0120226863169
MostFrequent,MCAR,0.5,7,0.10790035926,-0.160241195136,0.012456728763
MostFrequent,MCAR,0.5,8,0.308780927729,0.479599253034,0.00558719254256
MostFrequent,MCAR,0.5,9,0.522866475575,0.06897730666,0.00999576399441
MostFrequent,MCAR,0.7,0,0.43855138032,0.151835931289,0.00910616671325
MostFrequent,MCAR,0.7,1,0.879907573741,-0.16737806904,0.0125333525744
MostFrequent,MCAR,0.7,10,0.110323590811,-0.538625720216,0.0165191887212
MostFrequent,MCAR,0.7,11,0.692042529911,-0.087837602402,0.0116793801221
MostFrequent,MCAR,0.7,12,0.108138827975,-0.749086599115,0.0187787655184
MostFrequent,MCAR,0.7,13,0.486754922114,0.0752295537336,0.00992863782592
MostFrequent,MCAR,0.7,14,0.234096422813,0.684908783406,0.00338292230717
MostFrequent,MCAR,0.7,15,0.119055833316,-0.363321135662,0.014637061393
MostFrequent,MCAR,0.7,16,0.118369958727,0.222684168153,0.00834551688143
MostFrequent,MCAR,0.7,17,0.159525248549,0.651826286589,0.00373810680793
MostFrequent,MCAR,0.7,18,0.354297699343,0.292751052204,0.00759325590884
MostFrequent,MCAR,0.7,19,0.793458063352,-0.129401658274,0.0121256254136
MostFrequent,MCAR,0.7,2,0.876415165709,-0.171523803427,0.012577862534
MostFrequent,MCAR,0.7,3,0.112487071252,-0.475974384543,0.0158465435002
MostFrequent,MCAR,0.7,4,0.124967379442,-0.376269735048,0.014776081789
MostFrequent,MCAR,0.7,5,0.194821429401,0.751257815918,0.0026705774041
MostFrequent,MCAR,0.7,6,0.585421552937,0.0132623727279,0.0105939377388
MostFrequent,MCAR,0.7,7,0.862167478551,-0.182793386127,0.012698856458
MostFrequent,MCAR,0.7,8,0.246703325513,0.639116690581,0.00387456118554
MostFrequent,MCAR,0.7,9,0.109477940328,-0.592723526473,0.0171000004542
